-- =============================================================
-- SHOVAL PILATES — QA SEED DATA
-- Run this in the Supabase SQL editor to populate test data.
-- Safe to run multiple times (truncates first).
-- =============================================================

-- ---------------------------------------------------------------
-- 0. CLEAN (order matters due to FK constraints)
-- ---------------------------------------------------------------
truncate table menu_items    restart identity cascade;
truncate table menus         restart identity cascade;
truncate table menu_templates restart identity cascade;
truncate table payments      restart identity cascade;
truncate table appointments  restart identity cascade;
truncate table measurements  restart identity cascade;
truncate table clients       restart identity cascade;

-- ---------------------------------------------------------------
-- 1. MENU TEMPLATES  (4 standard plans)
-- ---------------------------------------------------------------
insert into menu_templates (id, name, description, calories_target, protein_target, carbs_target, fat_target) values
  ('d0000000-0000-0000-0000-000000000001', 'ירידה במשקל 1500 קל',   'לנשים 60-70 ק"ג, פעילות קלה',           1500, 113, 169, 50),
  ('d0000000-0000-0000-0000-000000000002', 'שמירה על משקל 1800 קל', 'לנשים 65-75 ק"ג, פעילות מתונה',         1800, 135, 203, 60),
  ('d0000000-0000-0000-0000-000000000003', 'בניית שריר 2200 קל',   'ל-70-80 ק"ג, 4-5 אימות כוח שבועיים',    2200, 165, 248, 73),
  ('d0000000-0000-0000-0000-000000000004', 'דל-פחמימות 1600 קל',   'פחמימות מופחתות, שומן גבוה',             1600, 120, 80,  89);

-- ---------------------------------------------------------------
-- 2. CLIENTS  (6 clients — different statuses, genders, targets)
-- ---------------------------------------------------------------
insert into clients (id, name, phone, email, birth_date, height_cm, gender, start_date, status, notes,
                     nutrition_calories_target, nutrition_protein_target, nutrition_carbs_target, nutrition_fat_target) values
  ('a0000000-0000-0000-0000-000000000001',
   'יעל כהן', '050-1111111', 'yael@example.com',
   '1990-03-15', 165.0, 'female', '2025-01-10', 'active',
   'מגיעה 3 פעמים בשבוע. מטרה: ירידה במשקל ותיגבור ליבה.',
   1500, 113, 169, 50),

  ('a0000000-0000-0000-0000-000000000002',
   'מיכל לוי', '050-2222222', 'michal@example.com',
   '1987-07-22', 162.0, 'female', '2025-02-01', 'active',
   'לאחר לידה — שיקום שרירי ליבה ובסיס אגן.',
   1800, 135, 203, 60),

  ('a0000000-0000-0000-0000-000000000003',
   'דן אברהם', '050-3333333', 'dan@example.com',
   '1985-11-05', 178.0, 'male', '2025-03-01', 'active',
   'עובד בישיבה, כאבי גב תחתון. אימון 2 פעמים בשבוע.',
   2200, 165, 248, 73),

  ('a0000000-0000-0000-0000-000000000004',
   'נועה ברק', '050-4444444', 'noa@example.com',
   '1995-05-30', 170.0, 'female', '2025-01-20', 'active',
   'סטודנטית — שעות גמישות, עדיפות לאחה"צ.',
   null, null, null, null),

  ('a0000000-0000-0000-0000-000000000005',
   'רחל גולן', '050-5555555', 'rachel@example.com',
   '1978-09-12', 158.0, 'female', '2024-11-15', 'active',
   'שיקום לאחר ניתוח ברך — תרגילים ללא עומס על המפרק.',
   1650, 124, 186, 55),

  ('a0000000-0000-0000-0000-000000000006',
   'שירה מזרחי', '050-6666666', null,
   '1992-02-14', 163.0, 'female', '2025-04-01', 'inactive',
   'השהתה זמנית — חזרה בספטמבר.',
   null, null, null, null);

-- ---------------------------------------------------------------
-- 3. MEASUREMENTS  (multiple per active client, showing progress)
-- ---------------------------------------------------------------

-- יעל — ירידה של ~6 ק"ג תוך 6 חודשים
insert into measurements (id, client_id, measured_at, weight_kg, body_fat_pct, waist_cm, hips_cm, chest_cm, arms_cm, thighs_cm, notes) values
  ('g0000000-0000-0000-0000-000000000001', 'a0000000-0000-0000-0000-000000000001', '2025-01-10', 74.2, 32.5, 82.0, 100.0, 90.0, 30.0, 58.0, 'מדידה ראשונה'),
  ('g0000000-0000-0000-0000-000000000002', 'a0000000-0000-0000-0000-000000000001', '2025-02-10', 73.0, 31.8, 81.0, 99.0,  89.5, 29.5, 57.5, null),
  ('g0000000-0000-0000-0000-000000000003', 'a0000000-0000-0000-0000-000000000001', '2025-03-10', 71.5, 31.0, 80.0, 98.0,  88.5, 29.0, 57.0, 'מגיעה לאימון בקביעות'),
  ('g0000000-0000-0000-0000-000000000004', 'a0000000-0000-0000-0000-000000000001', '2025-04-10', 70.0, 30.2, 79.0, 97.0,  87.5, 28.5, 56.5, null),
  ('g0000000-0000-0000-0000-000000000005', 'a0000000-0000-0000-0000-000000000001', '2025-05-10', 69.0, 29.5, 78.5, 96.5,  87.0, 28.0, 56.0, null),
  ('g0000000-0000-0000-0000-000000000006', 'a0000000-0000-0000-0000-000000000001', '2025-06-10', 68.2, 28.8, 77.5, 95.5,  86.0, 27.5, 55.5, 'הגיעה ליעד חצי שנה!');

-- מיכל — שיקום לאחר לידה
insert into measurements (id, client_id, measured_at, weight_kg, body_fat_pct, waist_cm, hips_cm, chest_cm, notes) values
  ('g0000000-0000-0000-0000-000000000007', 'a0000000-0000-0000-0000-000000000002', '2025-02-01', 68.5, 33.0, 83.0, 102.0, 95.0, 'מדידה ראשונה לאחר לידה'),
  ('g0000000-0000-0000-0000-000000000008', 'a0000000-0000-0000-0000-000000000002', '2025-03-15', 67.0, 32.2, 81.5, 100.5, 93.5, null),
  ('g0000000-0000-0000-0000-000000000009', 'a0000000-0000-0000-0000-000000000002', '2025-05-01', 65.2, 31.0, 79.5, 98.5,  91.0, 'שיפור ניכר בכוח הליבה');

-- דן — גבר, כאבי גב
insert into measurements (id, client_id, measured_at, weight_kg, body_fat_pct, waist_cm, chest_cm, arms_cm, notes) values
  ('g0000000-0000-0000-0000-000000000010', 'a0000000-0000-0000-0000-000000000003', '2025-03-01', 88.0, 22.0, 92.0, 102.0, 35.0, 'מדידה ראשונה'),
  ('g0000000-0000-0000-0000-000000000011', 'a0000000-0000-0000-0000-000000000003', '2025-04-15', 87.0, 21.5, 91.0, 102.5, 35.5, 'כאבי הגב פחתו משמעותית'),
  ('g0000000-0000-0000-0000-000000000012', 'a0000000-0000-0000-0000-000000000003', '2025-06-01', 85.5, 20.8, 90.0, 103.0, 36.0, null);

-- רחל — שיקום לאחר ניתוח
insert into measurements (id, client_id, measured_at, weight_kg, body_fat_pct, waist_cm, notes) values
  ('g0000000-0000-0000-0000-000000000013', 'a0000000-0000-0000-0000-000000000005', '2024-11-15', 62.0, 28.0, 75.0, 'לפני ניתוח'),
  ('g0000000-0000-0000-0000-000000000014', 'a0000000-0000-0000-0000-000000000005', '2025-01-20', 63.5, 28.5, 76.0, '6 שבועות לאחר ניתוח'),
  ('g0000000-0000-0000-0000-000000000015', 'a0000000-0000-0000-0000-000000000005', '2025-03-20', 62.8, 27.8, 75.0, 'חזרה לטווח תנועה תקין');

-- ---------------------------------------------------------------
-- 4. APPOINTMENTS  (past completed + upcoming scheduled, all types)
-- ---------------------------------------------------------------

-- יעל — היסטוריה + עתיד
insert into appointments (id, client_id, appointment_date, appointment_time, duration_minutes, type, status, price, notes) values
  ('b0000000-0000-0000-0000-000000000001', 'a0000000-0000-0000-0000-000000000001', '2026-03-03', '09:00', 60, 'pilates',   'completed', 250, null),
  ('b0000000-0000-0000-0000-000000000002', 'a0000000-0000-0000-0000-000000000001', '2026-03-10', '09:00', 60, 'pilates',   'completed', 250, null),
  ('b0000000-0000-0000-0000-000000000003', 'a0000000-0000-0000-0000-000000000001', '2026-03-17', '09:00', 60, 'pilates',   'completed', 250, 'עבדנו על חיזוק גב עליון'),
  ('b0000000-0000-0000-0000-000000000004', 'a0000000-0000-0000-0000-000000000001', '2026-03-24', '09:00', 60, 'nutrition', 'completed', 300, 'עדכון תפריט לחודש אפריל'),
  ('b0000000-0000-0000-0000-000000000005', 'a0000000-0000-0000-0000-000000000001', '2026-04-07', '09:00', 60, 'pilates',   'scheduled', 250, null),
  ('b0000000-0000-0000-0000-000000000006', 'a0000000-0000-0000-0000-000000000001', '2026-04-14', '09:00', 60, 'pilates',   'scheduled', 250, null);

-- מיכל
insert into appointments (id, client_id, appointment_date, appointment_time, duration_minutes, type, status, price, notes) values
  ('b0000000-0000-0000-0000-000000000007', 'a0000000-0000-0000-0000-000000000002', '2026-03-05', '11:00', 60, 'pilates',   'completed', 250, null),
  ('b0000000-0000-0000-0000-000000000008', 'a0000000-0000-0000-0000-000000000002', '2026-03-12', '11:00', 60, 'pilates',   'completed', 250, null),
  ('b0000000-0000-0000-0000-000000000009', 'a0000000-0000-0000-0000-000000000002', '2026-03-19', '11:00', 60, 'followup',  'completed', 200, 'מעקב שיקום'),
  ('b0000000-0000-0000-0000-000000000010', 'a0000000-0000-0000-0000-000000000002', '2026-04-02', '11:00', 60, 'pilates',   'scheduled', 250, null),
  ('b0000000-0000-0000-0000-000000000011', 'a0000000-0000-0000-0000-000000000002', '2026-03-26', '11:00', 60, 'pilates',   'noshow',    250, 'לא הגיעה, לא ביטלה');

-- דן
insert into appointments (id, client_id, appointment_date, appointment_time, duration_minutes, type, status, price, notes) values
  ('b0000000-0000-0000-0000-000000000012', 'a0000000-0000-0000-0000-000000000003', '2026-03-04', '17:00', 60, 'pilates',   'completed', 280, null),
  ('b0000000-0000-0000-0000-000000000013', 'a0000000-0000-0000-0000-000000000003', '2026-03-11', '17:00', 60, 'pilates',   'completed', 280, null),
  ('b0000000-0000-0000-0000-000000000014', 'a0000000-0000-0000-0000-000000000003', '2026-03-18', '17:00', 60, 'pilates',   'cancelled', 280, 'ביטל יום לפני'),
  ('b0000000-0000-0000-0000-000000000015', 'a0000000-0000-0000-0000-000000000003', '2026-04-01', '17:00', 60, 'pilates',   'scheduled', 280, null);

-- נועה
insert into appointments (id, client_id, appointment_date, appointment_time, duration_minutes, type, status, price, notes) values
  ('b0000000-0000-0000-0000-000000000016', 'a0000000-0000-0000-0000-000000000004', '2026-03-06', '16:00', 60, 'pilates',   'completed', 250, null),
  ('b0000000-0000-0000-0000-000000000017', 'a0000000-0000-0000-0000-000000000004', '2026-04-03', '16:00', 60, 'pilates',   'scheduled', 250, null),
  ('b0000000-0000-0000-0000-000000000018', 'a0000000-0000-0000-0000-000000000004', '2026-03-20', '16:00', 60, 'nutrition', 'completed', 300, 'בנינו תפריט ראשוני');

-- רחל
insert into appointments (id, client_id, appointment_date, appointment_time, duration_minutes, type, status, price, notes) values
  ('b0000000-0000-0000-0000-000000000019', 'a0000000-0000-0000-0000-000000000005', '2026-03-09', '10:00', 60, 'pilates',   'completed', 250, 'תרגילים בלי עומס על הברך'),
  ('b0000000-0000-0000-0000-000000000020', 'a0000000-0000-0000-0000-000000000005', '2026-03-23', '10:00', 60, 'followup',  'completed', 200, 'מעקב ברך'),
  ('b0000000-0000-0000-0000-000000000021', 'a0000000-0000-0000-0000-000000000005', '2026-04-06', '10:00', 60, 'pilates',   'scheduled', 250, null);

-- ---------------------------------------------------------------
-- 5. PAYMENTS  (various methods, some linked to appointments)
-- ---------------------------------------------------------------

-- יעל — שילמה על 4 אימונים + מנוי
insert into payments (id, client_id, appointment_id, amount, payment_date, method, description) values
  ('c0000000-0000-0000-0000-000000000001', 'a0000000-0000-0000-0000-000000000001', 'b0000000-0000-0000-0000-000000000001', 250, '2026-03-03', 'cash',     'תשלום אימון פילאטיס'),
  ('c0000000-0000-0000-0000-000000000002', 'a0000000-0000-0000-0000-000000000001', 'b0000000-0000-0000-0000-000000000002', 250, '2026-03-10', 'cash',     'תשלום אימון פילאטיס'),
  ('c0000000-0000-0000-0000-000000000003', 'a0000000-0000-0000-0000-000000000001', null,                                   750, '2026-03-15', 'transfer', 'מנוי 3 אימונים מראש'),
  ('c0000000-0000-0000-0000-000000000004', 'a0000000-0000-0000-0000-000000000001', 'b0000000-0000-0000-0000-000000000004', 300, '2026-03-24', 'credit',   'ייעוץ תזונה');

-- מיכל
insert into payments (id, client_id, appointment_id, amount, payment_date, method, description) values
  ('c0000000-0000-0000-0000-000000000005', 'a0000000-0000-0000-0000-000000000002', 'b0000000-0000-0000-0000-000000000007', 250, '2026-03-05', 'cash',     'אימון פילאטיס'),
  ('c0000000-0000-0000-0000-000000000006', 'a0000000-0000-0000-0000-000000000002', null,                                   500, '2026-03-12', 'transfer', 'מנוי 2 אימונים'),
  ('c0000000-0000-0000-0000-000000000007', 'a0000000-0000-0000-0000-000000000002', 'b0000000-0000-0000-0000-000000000009', 200, '2026-03-19', 'cash',     'מעקב שיקום');

-- דן
insert into payments (id, client_id, appointment_id, amount, payment_date, method, description) values
  ('c0000000-0000-0000-0000-000000000008', 'a0000000-0000-0000-0000-000000000003', null,                                   560, '2026-03-04', 'transfer', 'מנוי 2 אימונים'),
  ('c0000000-0000-0000-0000-000000000009', 'a0000000-0000-0000-0000-000000000003', 'b0000000-0000-0000-0000-000000000013', 280, '2026-03-11', 'credit',   'אימון פילאטיס');

-- נועה
insert into payments (id, client_id, appointment_id, amount, payment_date, method, description) values
  ('c0000000-0000-0000-0000-000000000010', 'a0000000-0000-0000-0000-000000000004', 'b0000000-0000-0000-0000-000000000016', 250, '2026-03-06', 'cash',     'אימון פילאטיס'),
  ('c0000000-0000-0000-0000-000000000011', 'a0000000-0000-0000-0000-000000000004', 'b0000000-0000-0000-0000-000000000018', 300, '2026-03-20', 'transfer', 'ייעוץ תזונה');

-- רחל
insert into payments (id, client_id, appointment_id, amount, payment_date, method, description) values
  ('c0000000-0000-0000-0000-000000000012', 'a0000000-0000-0000-0000-000000000005', 'b0000000-0000-0000-0000-000000000019', 250, '2026-03-09', 'cash',     'אימון פילאטיס'),
  ('c0000000-0000-0000-0000-000000000013', 'a0000000-0000-0000-0000-000000000005', 'b0000000-0000-0000-0000-000000000020', 200, '2026-03-23', 'other',    'מעקב ברך');

-- ---------------------------------------------------------------
-- 6. MENUS + MENU ITEMS  (יעל — 2 menus; דן — 1 menu)
-- ---------------------------------------------------------------

-- יעל — תפריט ירידה במשקל שבוע 1
insert into menus (id, client_id, template_id, name, menu_date, notes) values
  ('e0000000-0000-0000-0000-000000000001',
   'a0000000-0000-0000-0000-000000000001',
   'd0000000-0000-0000-0000-000000000001',
   'תפריט ירידה — שבוע 1',
   '2026-03-17',
   'ללא גלוטן, שומרת על ארוחות קבועות');

insert into menu_items (id, menu_id, food_name, quantity_grams, meal_type, calories, protein_g, carbs_g, fat_g, sort_order) values
  -- ארוחת בוקר
  ('f0000000-0000-0000-0000-000000000001', 'e0000000-0000-0000-0000-000000000001', 'ביצה מקושקשת',  100,  'breakfast',      150, 13.0, 2.0,  10.0, 1),
  ('f0000000-0000-0000-0000-000000000002', 'e0000000-0000-0000-0000-000000000001', 'לחם שיפון',      50,   'breakfast',      110, 4.0,  21.0,  1.5, 2),
  ('f0000000-0000-0000-0000-000000000003', 'e0000000-0000-0000-0000-000000000001', 'עגבנייה',        100,  'breakfast',       18, 0.9,  3.9,   0.2, 3),
  -- חטיף בוקר
  ('f0000000-0000-0000-0000-000000000004', 'e0000000-0000-0000-0000-000000000001', 'יוגורט 0%',     150,  'morning_snack',   83, 8.7,  6.8,   0.2, 1),
  ('f0000000-0000-0000-0000-000000000005', 'e0000000-0000-0000-0000-000000000001', 'תפוח',          150,  'morning_snack',   78, 0.4,  20.7,  0.3, 2),
  -- ארוחת צהריים
  ('f0000000-0000-0000-0000-000000000006', 'e0000000-0000-0000-0000-000000000001', 'חזה עוף',       150,  'lunch',          165, 31.0, 0.0,   3.6, 1),
  ('f0000000-0000-0000-0000-000000000007', 'e0000000-0000-0000-0000-000000000001', 'אורז מלא',      100,  'lunch',          111, 2.6,  23.0,  0.9, 2),
  ('f0000000-0000-0000-0000-000000000008', 'e0000000-0000-0000-0000-000000000001', 'ברוקולי מאודה', 150,  'lunch',           51, 4.3,  7.8,   0.5, 3),
  -- חטיף אחה"צ
  ('f0000000-0000-0000-0000-000000000009', 'e0000000-0000-0000-0000-000000000001', 'קוטג'' 5%',    100,  'afternoon_snack', 98, 12.0, 4.0,   3.5, 1),
  -- ארוחת ערב
  ('f0000000-0000-0000-0000-000000000010', 'e0000000-0000-0000-0000-000000000001', 'סלמון',         120,  'dinner',         245, 26.5, 0.0,  15.4, 1),
  ('f0000000-0000-0000-0000-000000000011', 'e0000000-0000-0000-0000-000000000001', 'תפוח אדמה',    150,  'dinner',         116, 2.5,  26.8,  0.1, 2),
  ('f0000000-0000-0000-0000-000000000012', 'e0000000-0000-0000-0000-000000000001', 'סלט ירקות',    200,  'dinner',          50, 2.0,  10.0,  0.5, 3),
  -- נשנוש ערב
  ('f0000000-0000-0000-0000-000000000013', 'e0000000-0000-0000-0000-000000000001', 'שקדים',          25,  'evening_snack',  144, 5.3,  5.0,  12.5, 1);

-- יעל — תפריט שבוע 2 (מעקב)
insert into menus (id, client_id, template_id, name, menu_date, notes) values
  ('e0000000-0000-0000-0000-000000000002',
   'a0000000-0000-0000-0000-000000000001',
   'd0000000-0000-0000-0000-000000000001',
   'תפריט ירידה — שבוע 2',
   '2026-03-24',
   'התאמות לפי עדכון מדידות');

insert into menu_items (id, menu_id, food_name, quantity_grams, meal_type, calories, protein_g, carbs_g, fat_g, sort_order) values
  ('f0000000-0000-0000-0000-000000000014', 'e0000000-0000-0000-0000-000000000002', 'חביתה',         120, 'breakfast',       160, 12.0, 2.0,  11.5, 1),
  ('f0000000-0000-0000-0000-000000000015', 'e0000000-0000-0000-0000-000000000002', 'אבוקדו',         60, 'breakfast',        96,  1.2,  5.1,   8.8, 2),
  ('f0000000-0000-0000-0000-000000000016', 'e0000000-0000-0000-0000-000000000002', 'פרי עונה',      150, 'morning_snack',    70,  0.8, 17.5,   0.4, 1),
  ('f0000000-0000-0000-0000-000000000017', 'e0000000-0000-0000-0000-000000000002', 'הודו טחון',     150, 'lunch',           195, 28.5,  0.5,   8.0, 1),
  ('f0000000-0000-0000-0000-000000000018', 'e0000000-0000-0000-0000-000000000002', 'קינואה',        100, 'lunch',           120,  4.4, 21.3,   1.9, 2),
  ('f0000000-0000-0000-0000-000000000019', 'e0000000-0000-0000-0000-000000000002', 'גבינה לבנה',   100, 'afternoon_snack',  89, 10.0,  3.5,   3.0, 1),
  ('f0000000-0000-0000-0000-000000000020', 'e0000000-0000-0000-0000-000000000002', 'בשר בקר רזה',  120, 'dinner',          198, 26.0,  0.0,  10.0, 1),
  ('f0000000-0000-0000-0000-000000000021', 'e0000000-0000-0000-0000-000000000002', 'בטטה',         150, 'dinner',          129,  2.3, 30.0,   0.1, 2);

-- דן — תפריט בניית שריר
insert into menus (id, client_id, template_id, name, menu_date, notes) values
  ('e0000000-0000-0000-0000-000000000003',
   'a0000000-0000-0000-0000-000000000003',
   'd0000000-0000-0000-0000-000000000003',
   'תפריט בניית שריר — מרץ',
   '2026-03-11',
   'ביום אימון — 2200 קל. ביום מנוחה — 1900 קל');

insert into menu_items (id, menu_id, food_name, quantity_grams, meal_type, calories, protein_g, carbs_g, fat_g, sort_order) values
  ('f0000000-0000-0000-0000-000000000022', 'e0000000-0000-0000-0000-000000000003', 'שיבולת שועל',  80,  'breakfast',      312,  10.5, 56.0,  5.5, 1),
  ('f0000000-0000-0000-0000-000000000023', 'e0000000-0000-0000-0000-000000000003', 'חלב 3%',      200,  'breakfast',      118,   6.4, 10.0,  6.0, 2),
  ('f0000000-0000-0000-0000-000000000024', 'e0000000-0000-0000-0000-000000000003', 'בננה',        120,  'morning_snack',  107,   1.3, 27.5,  0.4, 1),
  ('f0000000-0000-0000-0000-000000000025', 'e0000000-0000-0000-0000-000000000003', 'חזה עוף',     200,  'lunch',          220,  41.4,  0.0,  4.8, 1),
  ('f0000000-0000-0000-0000-000000000026', 'e0000000-0000-0000-0000-000000000003', 'פסטה',        120,  'lunch',          427,  15.0, 84.0,  3.0, 2),
  ('f0000000-0000-0000-0000-000000000027', 'e0000000-0000-0000-0000-000000000003', 'שמן זית',      15,  'lunch',          133,   0.0,  0.0, 15.0, 3),
  ('f0000000-0000-0000-0000-000000000028', 'e0000000-0000-0000-0000-000000000003', 'טונה במים',   160,  'afternoon_snack', 168, 37.6,  0.0,  1.6, 1),
  ('f0000000-0000-0000-0000-000000000029', 'e0000000-0000-0000-0000-000000000003', 'לחם מחיטה',   60,  'afternoon_snack', 159,   6.0, 30.0,  2.4, 2),
  ('f0000000-0000-0000-0000-000000000030', 'e0000000-0000-0000-0000-000000000003', 'בשר בקר',     150,  'dinner',          249,  30.0,  0.0, 14.0, 1),
  ('f0000000-0000-0000-0000-000000000031', 'e0000000-0000-0000-0000-000000000003', 'אורז לבן',    100,  'dinner',          130,   2.7, 28.7,  0.3, 2),
  ('f0000000-0000-0000-0000-000000000032', 'e0000000-0000-0000-0000-000000000003', 'גבינת קוטג',  200,  'evening_snack',  196,  24.0,  8.0,  7.0, 1);

-- ---------------------------------------------------------------
-- 7. VERIFY COUNTS  (informational, not required for seed)
-- ---------------------------------------------------------------
select 'clients'       as table_name, count(*) as rows from clients
union all
select 'measurements',                count(*) from measurements
union all
select 'appointments',                count(*) from appointments
union all
select 'payments',                    count(*) from payments
union all
select 'menu_templates',              count(*) from menu_templates
union all
select 'menus',                       count(*) from menus
union all
select 'menu_items',                  count(*) from menu_items;
